Index,Encrypted Data,Unix Timestamp (ms)
0,34a7bcc0de118d110aa7b6687561e20951d5608962a459ac363b7d5bcb0a4e4d7d8c565ba6915521632277bd69032731,1729383037000
1,6325c8f018303693bd1b0a6e1889417051d5608962a459ac363b7d5bcb0a4e4db80640de3b67976f7aa2766366546feb,1729383040000
2,e640860db57c6a720a34897ec9742d7d51d5608962a459ac363b7d5bcb0a4e4db938d9d65fa7c9c8f39d1bf970017581,1729383043000
3,9813901ca81c7e2c1f1069b3292c2c2751d5608962a459ac363b7d5bcb0a4e4d539f16cc5c6270fe425db3f129cb980c,1729383047000
4,1e15345ed01f4e92a2855fdbcf83da9751d5608962a459ac363b7d5bcb0a4e4d0c17b990872b5aa36e79e2c34f2625a5,1729383050000
5,d9166d39077ccb433650a56877e73f3051d5608962a459ac363b7d5bcb0a4e4dc8ad04ddefc3d09f9339403c37373d66,1729383053000
6,1f8a726ace69ed53f3cf9ceca10e835a51d5608962a459ac363b7d5bcb0a4e4dc88de47be5d05dbbd8f1879e3a8d3602,1729383057000
7,f907d6cd0fdb1d9c5171d65ce9680aa851d5608962a459ac363b7d5bcb0a4e4d047792e30a685020eef7506fc8f1725d,1729383060000
8,e4eb0ac6938c637aa1d503037b10912351d5608962a459ac363b7d5bcb0a4e4ddfb10e5ddc40de2841c60a0b52b1ff29,1729383063000
9,0ee1cfa3e420e095024605228322f7d351d5608962a459ac363b7d5bcb0a4e4dcf6f0b2b23521a4bbc9c048f8b8b01f7,1729383067000
10,105fb9eb2cc6c7a5ede75ed8c2537cb1819bdac97a9a1594b326da1a2764cb8eac7f59dcac17275dafc3af7a4d5dd4d7,1729383070000
11,3878337468305255a904af4c2d91851e819bdac97a9a1594b326da1a2764cb8ecaa6886175b7d9cca0ead0dc00e8dd8f,1729383074000
12,7effbcb78ca4dd53dde0e6c18a997dd5819bdac97a9a1594b326da1a2764cb8e14d4be6ecc78d67f1a07b7d633ba2b4a,1729383078000
13,739ffd212e854b74822833e4444fcc5e819bdac97a9a1594b326da1a2764cb8ec0694c5201a8958ee80861891203f52c,1729383081000
14,7c7d012176a9da96b0b250133821f73f819bdac97a9a1594b326da1a2764cb8e4769574300fa6bbbb8b96ce5ad064e3f,1729383084000
15,0d6c84b46b4e2b752c121af8e653ea92819bdac97a9a1594b326da1a2764cb8e1bec2472041e29b7b6ec5e4722351e92,1729383088000
16,494d0a406a73403a2b7622a33512d2c2819bdac97a9a1594b326da1a2764cb8efefd891afe66b372d53ffa229c537cce,1729383091000
17,4b0fa98cf1ef73b6c461c45c9bba4429819bdac97a9a1594b326da1a2764cb8e4a6792ce4dfc206f4bd02da1765a938e,1729383094000
18,73684f47f5c8584f2ea7c1cc239284aa819bdac97a9a1594b326da1a2764cb8ed9a8c265be0d098c181395db61b1a5c4,1729383098000
19,9081a9dce8191e8e675a3e4904cebce4819bdac97a9a1594b326da1a2764cb8e51dfb7c3951296d472df321f67afe29d,1729383101000
20,3245ed939c229deaa26e7aa7fbbe858b819bdac97a9a1594b326da1a2764cb8ed61bb97a1fc490e97f623f2d6cd02caa,1729383104000
21,d23fd13d48a2ef536738d87bf2d494a7819bdac97a9a1594b326da1a2764cb8e752e9032a43924c9dd2bf5bde5ff850b,1729383108000
22,a1d30ef104a536693523965cce9b71bf819bdac97a9a1594b326da1a2764cb8e62b5d873c84044b6dbe07ee960095bf0,1729383112000
23,e77ee612ec866b06700e7cb8a31e2470819bdac97a9a1594b326da1a2764cb8e3c491b59eb903074dd51f48a43e48b42,1729383115000
24,e5a8f60f064b52901b4cbbaa99cb51c3819bdac97a9a1594b326da1a2764cb8ec7f11d10c510a40bc6d20eddfa73f7fd,1729383119000
