Index,Keccak-256 Hash,Unix Timestamp (ms)
0,302c3136372e34352c30383a33413a38443a44333a33353a39332c3137323934,1729404065000
1,312c3136372e32312c30383a33413a38443a44333a33353a39332c3137323934,1729404068000
2,322c3136382e35322c30383a33413a38443a44333a33353a39332c3137323934,1729404071000
3,332c3136362e36372c30383a33413a38443a44333a33353a39332c3137323934,1729404075000
4,342c372e37342c30383a33413a38443a44333a33353a39332c31373239343034,1729404078000
5,352c31302e36342c30383a33413a38443a44333a33353a39332c313732393430,1729404081000
6,362c342e38312c30383a33413a38443a44333a33353a39332c31373239343034,1729404085000
7,372c372e31362c30383a33413a38443a44333a33353a39332c31373239343034,1729404089000
8,382c31322e34312c30383a33413a38443a44333a33353a39332c313732393430,1729404092000
9,392c3136382e30332c30383a33413a38443a44333a33353a39332c3137323934,1729404095000
10,31302c3137332e37322c30383a33413a38443a44333a33353a39332c31373239,1729404099000
