Index,SHA-256 Hash,Unix Timestamp (ms)
0,9b1cdb1e6521f607a877df62f399bc48500a9daba9a7e58bc70945b4688e8ee3,1729381174000
1,72b608334ccc671a691775035b02b2c8b6bef2d19e55a680cfc774c2617d8a9c,1729381178000
2,903fc239569a97e93d6b824ce6e6fa5f521827b0c63574b713aa9175e7e32cab,1729381181000
3,a3d9753171ba2a40873d8fc8615c7be4c990c3494dca9647bfcca6577ef2189e,1729381185000
4,d76505bcc30cb7454570825897ec04b84515abb071f7154b43e2d21bfbed2f64,1729381189000
5,3e67ac3ec03607c134f7a2c20097837e85f7f62bef5a87cb2f5381bded100f84,1729381192000
6,e0dc2c1aa4f5f9cedeac925be79c45afbbea173fea1df212cfce54ed4b3a3f8a,1729381196000
7,462318ff76a83cdddf044b5a2802c095467bb4794457879eb9384bf3e2372600,1729381199000
8,fbd2fcd32842407d1314c3c018177a2a854f3a6bcbc88294f47b953993715891,1729381203000
9,0803c4a6be7adeb58e0d98dea2694232c7806cfb80cebddf05bdd86a438f5f44,1729381206000
10,f1e38ea35757adfbc4f83cdd3d2218fae34fe9c3c98774ffe9495aeb76a1f5aa,1729381210000
11,e47ead77911430d9865391cc53dfe98a673c4425eaa2a7d9f1c03395c39cc537,1729381213000
12,4e0f8cfb6ecad0005ed9ed48c70250cf2eb988bb6790a8ef9689ab3a4f0fb108,1729381216000
13,87f086af5d77b9163e1dca8146a47d12927fe78ecbce756658c02709beac031d,1729381220000
14,0042d0bda724be1cfb9ab99c3e90a8c704a59b731bff84d99a2aea376aba6e75,1729381223000
15,bb31288847b360e32e7ed1680ba29526e001cabf77a49fa709f24996fe0e37ce,1729381227000
16,12b7e284a04ce63522b1ddbfb70cc179a169a56fb80a1885fc15077ce421ac92,1729381231000
17,bfb438fa47abd12d97aac94207556a69b5266d2bfad945974559dcfdda53fe97,1729381235000
18,12ab965ad38d4e0815e333a8bd3ca49be10b823f910147d00c84804878df0293,1729381238000
19,fecf119c49d3fbfa8c3a850e38cbde92ace722f519501a6895fae803643092b0,1729381243000
20,d667262122e20f7fb12b787c1e5afaa8d51aca9a616c1a41eba8d0fac09cd442,1729381246000
21,3622fe995f908cb3e351bb74d44fd0e6a7d1eef3acfc8e69301eafeac189f001,1729381250000
22,f51daec3e26ec886c9ed00212b29e545351374b763a1414c8ceb6812a3d7b074,1729381253000
23,ad2d93bbca89081c06be3a8f97c4bcb6db05103e8abe6b0bb0f621a143f55209,1729381257000
24,5aaa8a85cf612d78d92235b03dbd806cf810ad3d95a229102de206e6096224ca,1729381261000
25,d499a40a90044240c9f0ba8410025a767828211c1bcdff8e87d85475f5bb9907,1729381264000
26,67eb684de59cad884d315fd9434859123db0244b9076d89380c3a08467cec292,1729381268000
27,dea89d9a0c513c1fc194e8e53d0e2fb8dc6e1ce930005be28cc3983d41f1656f,1729381272000
28,38d18229100f9514d043f3dc99a1868429f655f5a01cd40104f49a94edd3a192,1729381276000
29,f98bde23ba2ffabc9ea3c3838fd14dc63c911ff49eab8adcef710b9273de8456,1729381279000
30,b7fb3550643593ee186722860f544a040738672a9ed66e2b9a1a2dfbd7fc900d,1729381283000
31,e149f0909de0fef399e0f7bac9cd1b2b42f70c3aa3be6bb2517b53da66a2f7cd,1729381286000
32,6286ecc336a1a12afacd4e6dccc173d150369f76172b4bd9569c3541844de70b,1729381290000
33,5590136ea5c4c9cacc05d7cc48040c65ec24ace06bbc89a6ff27a2a7b1670231,1729381293000
34,39a60c6881209a81d8f16d0da1f44ec2dcc83245d37a4510052db508d18e1b63,1729381297000
35,4a60f082ad8507b6fc2fadb5b7d1a991a8ca16e702d311aed50ef4de8a43b4ae,1729381301000
36,45b12494e59edc5425e2584d177d39d3d21a8cb00529e7e195eec42140e5da03,1729381305000
37,215facb7d2d10a3e45e82bb7989beb95cae67b24b97104261a8162d1b73ecc96,1729381308000
38,eda2d2521100f6618abec491bc402952dc55c7a1d26daf3b1a4a75fe256fa7ee,1729381312000
39,a94064685bd11b54f99862870c84c5a7da18c664357a3f42a28c84bd89691ee4,1729381316000
40,f0871b559d102676b66397504f78be36faefdcb521ccd6142d60133475f0ea74,1729381319000
41,238cc2d62e06374950f613098c4c8f16843a811801196ab2c48015492a39ef3f,1729381323000
42,a1a503096e025056fe1497085698c43eb6130b8b09653a2f2f1261aa37bad0e8,1729381327000
43,b6beae6e9bdf44613129864451514e6240e9db8afcd0da3cccf920215633a029,1729381330000
44,fc571531bd44b4f0c2140024af6ce787dbfbbe345b3beffff7d484ae2c5a7260,1729381333000
45,ee74b314159ef00a85afcefa02a4d7dcf373ac10ec7a0b0197cc06873d961ae3,1729381337000
46,18f3204fd66f31a633a88fd9e06b580ba716573fbdaddec09c71ae62d773e609,1729381340000
